<keymap version="1" name="Default copy" parent="Mac OS X 10.5+">
  <action id="$LRU">
    <keyboard-shortcut first-keystroke="shift ctrl o" />
  </action>
  <action id="CopyPathFromRepositoryRootProvider">
    <keyboard-shortcut first-keystroke="meta u" />
  </action>
  <action id="Editor LRU">
    <keyboard-shortcut first-keystroke="shift ctrl o" />
  </action>
  <action id="GotoSuperMethod" />
  <action id="OpenFile">
    <keyboard-shortcut first-keystroke="shift ctrl n" />
  </action>
  <action id="PublishGroup">
    <keyboard-shortcut first-keystroke="alt d" />
  </action>
  <action id="VcsGroups">
    <keyboard-shortcut first-keystroke="meta f9" />
  </action>
  <action id="VimPluginToggle">
    <keyboard-shortcut first-keystroke="shift ctrl meta v" />
  </action>
  <action id="org.intellij.plugins.markdown.ui.actions.styling.InsertImageAction" />
</keymap>