<application>
  <component name="FileTypeManager" version="18">
    <extensionMap>
      <mapping pattern="ScanDir.php" type="AUTO_DETECTED" />
      <mapping pattern="map" type="AUTO_DETECTED" />
      <mapping pattern="brewCn" type="AUTO_DETECTED" />
      <mapping pattern="editRemark.tpl" type="AUTO_DETECTED" />
      <mapping pattern="apns" type="PHP" />
      <mapping pattern=".Kernel.php.swp" type="PLAIN_TEXT" />
      <mapping pattern="demo" type="PLAIN_TEXT" />
      <mapping pattern=".gitigore" type="PLAIN_TEXT" />
      <mapping pattern=".rnd" type="PLAIN_TEXT" />
      <mapping ext="release" type="PLAIN_TEXT" />
      <mapping ext="bin" type="PLAIN_TEXT" />
      <mapping ext="cookie" type="PLAIN_TEXT" />
      <mapping ext="0" type="PLAIN_TEXT" />
      <mapping ext="2" type="PLAIN_TEXT" />
      <mapping ext="139" type="PLAIN_TEXT" />
      <mapping ext="blade" type="PLAIN_TEXT" />
      <mapping ext="p12" type="PLAIN_TEXT" />
      <mapping ext="list" type="PLAIN_TEXT" />
      <removed_mapping ext="ignore" approved="true" type="IgnoreLang file" />
    </extensionMap>
  </component>
</application>