<application>
  <component name="GeneralSettings">
    <option name="confirmExit" value="false" />
    <option name="confirmOpenNewProject2" value="0" />
    <option name="processCloseConfirmation" value="TERMINATE" />
    <option name="showTipsOnStartup" value="false" />
    <option name="supportScreenReaders" value="true" />
  </component>
  <component name="Registry">
    <entry key="ide.balloon.shadow.size" value="0" />
    <entry key="ide.experimental.ui" value="true" />
    <entry key="ide.experimental.ui.editor.tabs" value="true" />
    <entry key="ide.experimental.ui.inter.font" value="true" />
    <entry key="ide.experimental.ui.main.toolbar" value="true" />
    <entry key="ide.experimental.ui.vcs.branch.popup" value="true" />
  </component>
  <component name="StatusBar">
    <option name="widgets">
      <map>
        <entry key="CwmWireStatsWidgetFactory" value="false" />
        <entry key="Memory" value="true" />
        <entry key="PowerSaveMode" value="true" />
      </map>
    </option>
  </component>
</application>