<application>
  <component name="UISettings">
    <option name="COLOR_BLINDNESS" value="deuteranopia" />
    <option name="DISABLE_MNEMONICS" value="false" />
    <option name="FULL_PATHS_IN_TITLE_BAR" value="true" />
    <option name="LEFT_HORIZONTAL_SPLIT" value="true" />
    <option name="NAVIGATION_BAR_LOCATION" value="TOP" />
    <option name="RIGHT_HORIZONTAL_SPLIT" value="true" />
    <option name="SHOW_NAVIGATION_BAR_MEMBERS" value="false" />
    <option name="SHOW_NAVIGATION_BAR" value="false" />
    <option name="SHOW_STATUS_BAR" value="false" />
    <option name="SHOW_TOOL_WINDOW_NUMBERS" value="true" />
    <option name="smoothScrolling" value="false" />
    <option name="WIDESCREEN_SUPPORT" value="true" />
  </component>
</application>